{
  "id": "7f9efef3-25fc-43b8-810a-c1457553b589",
  "name": "DanielS",
  "description": "",
  "pages": [
    {
      "id": "cf5123b7-5c91-4801-ad67-6b4431e81fff",
      "name": "Page 1",
      "buttons": [
        {
          "id": "btn_1760289734492_3pgmvdqcn",
          "label": "Full Screen",
          "secondary_label": "",
          "icon": [
            "fas",
            "expand"
          ],
          "icon_type": "fontawesome",
          "media_url": "/api/uploads/profiles/7f9efef3-25fc-43b8-810a-c1457553b589/5361f504-6f77-4f87-9467-4c7945252ec7.gif",
          "media_type": "gif",
          "action": {
            "type": "system_control",
            "config": {
              "action": "fullscreen"
            }
          },
          "shape": "rounded",
          "position": {
            "col": 0,
            "row": 0
          },
          "size": {
            "cols": 1,
            "rows": 1
          },
          "style": {
            "backgroundColor": "#16a085",
            "textColor": "#ffffff"
          },
          "tooltip": "",
          "enabled": true
        },
        {
          "id": "btn_1760461204223_l112fylqd",
          "label": "Mute",
          "secondary_label": "",
          "icon": [
            "fas",
            "volume-mute"
          ],
          "icon_type": "fontawesome",
          "media_url": null,
          "media_type": null,
          "action": {
            "type": "cross_platform",
            "config": {
              "action": "volume_mute"
            }
          },
          "shape": "rounded",
          "position": {
            "col": 2,
            "row": 0
          },
          "size": {
            "cols": 1,
            "rows": 1
          },
          "style": {
            "backgroundColor": "#f1c40f",
            "iconSize": 52,
            "textColor": "#ffffff"
          },
          "tooltip": "",
          "enabled": true
        },
        {
          "id": "btn_1760461219758_6nl1vec0w",
          "label": "Volume Up",
          "secondary_label": "",
          "icon": [
            "fas",
            "volume-up"
          ],
          "icon_type": "fontawesome",
          "media_url": null,
          "media_type": null,
          "action": {
            "type": "cross_platform",
            "config": {
              "action": "volume_up",
              "step": 10
            }
          },
          "shape": "rounded",
          "position": {
            "col": 3,
            "row": 0
          },
          "size": {
            "cols": 1,
            "rows": 1
          },
          "style": {
            "backgroundColor": "#27ae60",
            "textColor": "#ffffff"
          },
          "tooltip": "",
          "enabled": true
        }
      ],
      "grid_config": {
        "cols": 5,
        "rows": 4
      },
      "background": null
    }
  ],
  "scenes": [
    {
      "id": "scene_1760477965999",
      "name": "Main",
      "pages": [
        {
          "id": "cf5123b7-5c91-4801-ad67-6b4431e81fff",
          "name": "Page 1",
          "buttons": [
            {
              "id": "btn_1760289734492_3pgmvdqcn",
              "label": "New Tab",
              "secondary_label": "",
              "icon": [
                "fas",
                "plus"
              ],
              "icon_type": "fontawesome",
              "media_url": "/assets/animations/gifs/buttons/link.gif",
              "media_type": "gif",
              "action": {
                "type": "hotkey",
                "config": {
                  "keys": [
                    "ctrl",
                    "t"
                  ]
                }
              },
              "shape": "rounded",
              "position": {
                "col": 0,
                "row": 0
              },
              "size": {
                "cols": 1,
                "rows": 1
              },
              "style": {
                "backgroundColor": "#8b5cf6",
                "iconSize": 32,
                "textColor": "#ffffff"
              },
              "tooltip": "",
              "enabled": false
            },
            {
              "id": "btn_1760461204223_l112fylqd",
              "label": "Mute",
              "secondary_label": "",
              "icon": [
                "fas",
                "volume-mute"
              ],
              "icon_type": "fontawesome",
              "media_url": null,
              "media_type": null,
              "action": {
                "type": "cross_platform",
                "config": {
                  "action": "volume_mute"
                }
              },
              "shape": "rounded",
              "position": {
                "col": 3,
                "row": 3
              },
              "size": {
                "cols": 1,
                "rows": 1
              },
              "style": {
                "backgroundColor": "#f1c40f",
                "iconSize": 52,
                "textColor": "#ffffff"
              },
              "tooltip": "",
              "enabled": true
            },
            {
              "id": "btn_1760461219758_6nl1vec0w",
              "label": "Volume Up",
              "secondary_label": "",
              "icon": [
                "fas",
                "volume-up"
              ],
              "icon_type": "fontawesome",
              "media_url": "/assets/animations/gifs/buttons/Unmute V3.gif",
              "media_type": "gif",
              "action": {
                "type": "cross_platform",
                "config": {
                  "action": "volume_up",
                  "step": 10
                }
              },
              "shape": "rounded",
              "position": {
                "col": 3,
                "row": 2
              },
              "size": {
                "cols": 1,
                "rows": 1
              },
              "style": {
                "animation": "rotate",
                "backgroundColor": "#27ae60",
                "iconSize": 100,
                "textColor": "#ffffff"
              },
              "tooltip": "",
              "enabled": true
            },
            {
              "id": "btn_1760805913004_1rwrjsxkl",
              "label": "Brightness Up",
              "secondary_label": "",
              "icon": [
                "fas",
                "sun"
              ],
              "icon_type": "fontawesome",
              "media_url": null,
              "media_type": null,
              "action": {
                "type": "cross_platform",
                "config": {
                  "action": "brightness_up",
                  "step": 10
                }
              },
              "shape": "rounded",
              "position": {
                "col": 4,
                "row": 0
              },
              "size": {
                "cols": 1,
                "rows": 1
              },
              "style": {
                "backgroundColor": "#f1c40f",
                "textColor": "#ffffff"
              },
              "tooltip": "",
              "enabled": true
            },
            {
              "id": "btn_1760805915789_nfo4x3605",
              "label": "Stop",
              "secondary_label": "",
              "icon": [
                "fas",
                "stop"
              ],
              "icon_type": "fontawesome",
              "media_url": null,
              "media_type": null,
              "action": {
                "type": "cross_platform",
                "config": {
                  "action": "media_stop"
                }
              },
              "shape": "rounded",
              "position": {
                "col": 1,
                "row": 0
              },
              "size": {
                "cols": 1,
                "rows": 1
              },
              "style": {
                "backgroundColor": "#e74c3c",
                "textColor": "#ffffff"
              },
              "tooltip": "",
              "enabled": true
            },
            {
              "id": "btn_1760908830777_9zla8nj8b",
              "label": "Previous Track",
              "secondary_label": "",
              "icon": [
                "fas",
                "backward"
              ],
              "icon_type": "fontawesome",
              "media_url": null,
              "media_type": null,
              "action": {
                "type": "cross_platform",
                "config": {
                  "action": "media_previous"
                }
              },
              "shape": "rounded",
              "position": {
                "col": 2,
                "row": 3
              },
              "size": {
                "cols": 1,
                "rows": 1
              },
              "style": {
                "backgroundColor": "#3498db",
                "textColor": "#ffffff"
              },
              "tooltip": "",
              "enabled": true
            },
            {
              "id": "btn_1760908837154_dqmv9b06s",
              "label": "Volume Down",
              "secondary_label": "",
              "icon": [
                "fas",
                "volume-down"
              ],
              "icon_type": "fontawesome",
              "media_url": null,
              "media_type": null,
              "action": {
                "type": "custom",
                "config": {}
              },
              "shape": "rounded",
              "position": {
                "col": 2,
                "row": 2
              },
              "size": {
                "cols": 1,
                "rows": 1
              },
              "style": {
                "backgroundColor": "#2c3e50",
                "textColor": "#ffffff"
              },
              "tooltip": "",
              "enabled": true
            },
            {
              "id": "btn_1760908855027_6rrn56p1r",
              "label": "Next Page",
              "secondary_label": "",
              "icon": [
                "fas",
                "arrow-right"
              ],
              "icon_type": "fontawesome",
              "media_url": null,
              "media_type": null,
              "action": {
                "type": "next_page",
                "config": {}
              },
              "shape": "rounded",
              "position": {
                "col": 4,
                "row": 3
              },
              "size": {
                "cols": 1,
                "rows": 1
              },
              "style": {
                "backgroundColor": "#3498db",
                "textColor": "#ffffff"
              },
              "tooltip": "",
              "enabled": true
            },
            {
              "id": "btn_1760908856694_ov6e6qcty",
              "label": "Previous Page",
              "secondary_label": "",
              "icon": [
                "fas",
                "arrow-left"
              ],
              "icon_type": "fontawesome",
              "media_url": null,
              "media_type": null,
              "action": {
                "type": "previous_page",
                "config": {}
              },
              "shape": "rounded",
              "position": {
                "col": 0,
                "row": 3
              },
              "size": {
                "cols": 1,
                "rows": 1
              },
              "style": {
                "backgroundColor": "#3498db",
                "textColor": "#ffffff"
              },
              "tooltip": "",
              "enabled": true
            },
            {
              "id": "btn_1761071677280_4fyp9lgo0",
              "label": "World Clock",
              "secondary_label": "",
              "icon": [
                "fas",
                "globe"
              ],
              "icon_type": "fontawesome",
              "media_url": null,
              "media_type": null,
              "action": {
                "type": "time_world_clock",
                "config": {
                  "timezone": "local"
                }
              },
              "shape": "rounded",
              "position": {
                "col": 0,
                "row": 0
              },
              "size": {
                "cols": 1,
                "rows": 1
              },
              "style": {
                "backgroundColor": "#8e44ad",
                "iconSize": 48,
                "textColor": "#ffffff"
              },
              "tooltip": "",
              "enabled": true
            },
            {
              "id": "btn_1761074610830_2uqccremy",
              "label": "Weather",
              "secondary_label": "",
              "icon": [
                "fas",
                "cloud-sun"
              ],
              "icon_type": "fontawesome",
              "media_url": null,
              "media_type": null,
              "action": {
                "type": "weather",
                "config": {
                  "refresh_interval": 15,
                  "temperature_unit": "C",
                  "weather_location": "Tel Aviv"
                }
              },
              "shape": "rounded",
              "position": {
                "col": 0,
                "row": 2
              },
              "size": {
                "cols": 1,
                "rows": 1
              },
              "style": {
                "backgroundColor": "#3498db",
                "iconSize": 32,
                "textColor": "#ffffff"
              },
              "tooltip": "",
              "enabled": true
            }
          ],
          "grid_config": {
            "cols": 5,
            "rows": 4
          },
          "background": null
        }
      ],
      "isActive": false,
      "icon": "fas fa-bars",
      "color": "#2ecc71"
    },
    {
      "id": "scene_1760806197537",
      "name": "Demo",
      "pages": [
        {
          "id": "page_1760806197537",
          "name": "Page 1",
          "buttons": [
            {
              "id": "btn_1761070105443_l7mc7dsk2",
              "label": "Full Screen",
              "secondary_label": "",
              "icon": [
                "fas",
                "expand"
              ],
              "icon_type": "fontawesome",
              "media_url": null,
              "media_type": null,
              "action": {
                "type": "system_control",
                "config": {
                  "action": "fullscreen"
                }
              },
              "shape": "rounded",
              "position": {
                "col": 0,
                "row": 0
              },
              "size": {
                "cols": 1,
                "rows": 1
              },
              "style": {
                "backgroundColor": "#16a085",
                "textColor": "#ffffff"
              },
              "tooltip": "",
              "enabled": true
            },
            {
              "id": "btn_1761070112785_ylw6c1ldt",
              "label": "Mute",
              "secondary_label": "",
              "icon": [
                "fas",
                "volume-mute"
              ],
              "icon_type": "fontawesome",
              "media_url": null,
              "media_type": null,
              "action": {
                "type": "cross_platform",
                "config": {
                  "action": "volume_mute"
                }
              },
              "shape": "rounded",
              "position": {
                "col": 3,
                "row": 0
              },
              "size": {
                "cols": 1,
                "rows": 1
              },
              "style": {
                "backgroundColor": "#e67e22",
                "textColor": "#ffffff"
              },
              "tooltip": "",
              "enabled": true
            },
            {
              "id": "btn_1761070113853_h66nft59l",
              "label": "Volume Up",
              "secondary_label": "",
              "icon": [
                "fas",
                "volume-up"
              ],
              "icon_type": "fontawesome",
              "media_url": null,
              "media_type": null,
              "action": {
                "type": "cross_platform",
                "config": {
                  "action": "volume_up",
                  "step": 10
                }
              },
              "shape": "rounded",
              "position": {
                "col": 4,
                "row": 0
              },
              "size": {
                "cols": 1,
                "rows": 1
              },
              "style": {
                "backgroundColor": "#27ae60",
                "textColor": "#ffffff"
              },
              "tooltip": "",
              "enabled": true
            },
            {
              "id": "btn_1761070115471_s0kdiarz6",
              "label": "Volume Down",
              "secondary_label": "",
              "icon": [
                "fas",
                "volume-down"
              ],
              "icon_type": "fontawesome",
              "media_url": null,
              "media_type": null,
              "action": {
                "type": "cross_platform",
                "config": {
                  "action": "volume_down",
                  "step": 10
                }
              },
              "shape": "rounded",
              "position": {
                "col": 2,
                "row": 0
              },
              "size": {
                "cols": 1,
                "rows": 1
              },
              "style": {
                "backgroundColor": "#27ae60",
                "textColor": "#ffffff"
              },
              "tooltip": "",
              "enabled": true
            },
            {
              "id": "btn_1761070118364_6x7az5gop",
              "label": "Next Track",
              "secondary_label": "",
              "icon": [
                "fas",
                "forward"
              ],
              "icon_type": "fontawesome",
              "media_url": null,
              "media_type": "",
              "action": {
                "type": "cross_platform",
                "config": {
                  "action": "media_next"
                }
              },
              "shape": "rounded",
              "position": {
                "col": 4,
                "row": 1
              },
              "size": {
                "cols": 1,
                "rows": 1
              },
              "style": {
                "backgroundColor": "#3498db",
                "iconSize": 32,
                "textColor": "#ffffff"
              },
              "tooltip": "",
              "enabled": true
            },
            {
              "id": "btn_1761070120108_h3215o84l",
              "label": "Play/Pause",
              "secondary_label": "",
              "icon": [
                "fas",
                "play"
              ],
              "icon_type": "fontawesome",
              "media_url": null,
              "media_type": null,
              "action": {
                "type": "cross_platform",
                "config": {
                  "action": "media_play_pause"
                }
              },
              "shape": "rounded",
              "position": {
                "col": 3,
                "row": 1
              },
              "size": {
                "cols": 1,
                "rows": 1
              },
              "style": {
                "backgroundColor": "#3498db",
                "textColor": "#ffffff"
              },
              "tooltip": "",
              "enabled": true
            },
            {
              "id": "btn_1761070121398_o8d4xsn96",
              "label": "Previous Track",
              "secondary_label": "",
              "icon": [
                "fas",
                "backward"
              ],
              "icon_type": "fontawesome",
              "media_url": "/assets/animations/gifs/buttons/Back.gif",
              "media_type": "gif",
              "action": {
                "type": "cross_platform",
                "config": {
                  "action": "media_previous"
                }
              },
              "shape": "rounded",
              "position": {
                "col": 2,
                "row": 1
              },
              "size": {
                "cols": 1,
                "rows": 1
              },
              "style": {
                "backgroundColor": "#3498db",
                "iconSize": 32,
                "textColor": "#ffffff"
              },
              "tooltip": "",
              "enabled": true
            },
            {
              "id": "btn_1761070175079_1zht9zaw7",
              "label": "Memory",
              "secondary_label": "",
              "icon": [
                "fas",
                "memory"
              ],
              "icon_type": "fontawesome",
              "media_url": null,
              "media_type": null,
              "action": {
                "type": "metric_memory",
                "config": {
                  "refresh_interval": 7
                }
              },
              "shape": "rounded",
              "position": {
                "col": 0,
                "row": 3
              },
              "size": {
                "cols": 1,
                "rows": 1
              },
              "style": {
                "backgroundColor": "#2980b9",
                "iconSize": 32,
                "textColor": "#ffffff"
              },
              "tooltip": "",
              "enabled": true
            },
            {
              "id": "btn_1761070177203_6svwgync9",
              "label": "CPU usage",
              "secondary_label": "",
              "icon": [
                "fas",
                "microchip"
              ],
              "icon_type": "fontawesome",
              "media_url": null,
              "media_type": null,
              "action": {
                "type": "metric_cpu_usage",
                "config": {
                  "refresh_interval": 6
                }
              },
              "shape": "rounded",
              "position": {
                "col": 1,
                "row": 3
              },
              "size": {
                "cols": 1,
                "rows": 1
              },
              "style": {
                "backgroundColor": "#2980b9",
                "iconSize": 32,
                "textColor": "#ffffff"
              },
              "tooltip": "",
              "enabled": true
            },
            {
              "id": "btn_1761070204004_wypk0h80p",
              "label": "World Clock",
              "secondary_label": "",
              "icon": [
                "fas",
                "globe"
              ],
              "icon_type": "fontawesome",
              "media_url": null,
              "media_type": null,
              "action": {
                "type": "time_world_clock",
                "config": {
                  "timezone": "local"
                }
              },
              "shape": "rounded",
              "position": {
                "col": 3,
                "row": 3
              },
              "size": {
                "cols": 1,
                "rows": 1
              },
              "style": {
                "backgroundColor": "#8e44ad",
                "iconSize": 32,
                "textColor": "#ffffff"
              },
              "tooltip": "",
              "enabled": true
            },
            {
              "id": "btn_1761074888424_7uig4je02",
              "label": "Weather",
              "secondary_label": "",
              "icon": [
                "fas",
                "cloud-sun"
              ],
              "icon_type": "fontawesome",
              "media_url": null,
              "media_type": null,
              "action": {
                "type": "weather",
                "config": {
                  "refresh_interval": 15,
                  "temperature_unit": "C",
                  "weather_location": "Tel Aviv"
                }
              },
              "shape": "rounded",
              "position": {
                "col": 0,
                "row": 1
              },
              "size": {
                "cols": 1,
                "rows": 1
              },
              "style": {
                "backgroundColor": "#3498db",
                "iconSize": 32,
                "textColor": "#ffffff"
              },
              "tooltip": "",
              "enabled": true
            }
          ],
          "grid_config": {
            "cols": 5,
            "rows": 4
          },
          "background": null
        }
      ],
      "isActive": false,
      "icon": "",
      "color": "#9b59b6",
      "buttonSize": 1
    }
  ],
  "dockedButtons": [
    {
      "id": "docked_1760908876362",
      "label": "Open Folder",
      "secondary_label": "",
      "icon": [
        "fas",
        "folder-open"
      ],
      "icon_type": "fontawesome",
      "media_url": null,
      "media_type": null,
      "action": {
        "type": "cross_platform",
        "config": {
          "action": "open_folder",
          "path": "C:\\"
        }
      },
      "shape": "rounded",
      "position": {
        "col": 0,
        "row": 1
      },
      "size": {
        "cols": 1,
        "rows": 1
      },
      "style": {
        "backgroundColor": "#8e44ad",
        "textColor": "#ffffff"
      },
      "tooltip": "",
      "enabled": true
    },
    {
      "id": "docked_1760908882423",
      "label": "Open App",
      "secondary_label": "",
      "icon": [
        "fas",
        "rocket"
      ],
      "icon_type": "fontawesome",
      "media_url": null,
      "media_type": null,
      "action": {
        "type": "cross_platform",
        "config": {
          "action": "open_app",
          "path": "notepad.exe"
        }
      },
      "shape": "rounded",
      "position": {
        "col": 0,
        "row": 2
      },
      "size": {
        "cols": 1,
        "rows": 1
      },
      "style": {
        "backgroundColor": "#e67e22",
        "textColor": "#ffffff"
      },
      "tooltip": "",
      "enabled": true
    },
    {
      "id": "docked_1761074705024",
      "label": "World Clock",
      "secondary_label": "",
      "icon": [
        "fas",
        "globe"
      ],
      "icon_type": "fontawesome",
      "media_url": null,
      "media_type": null,
      "action": {
        "type": "time_world_clock",
        "config": {
          "timezone": "local"
        }
      },
      "shape": "rounded",
      "position": {
        "col": 0,
        "row": 0
      },
      "size": {
        "cols": 1,
        "rows": 1
      },
      "style": {
        "backgroundColor": "#8e44ad",
        "iconSize": 16,
        "textColor": "#ffffff"
      },
      "tooltip": "",
      "enabled": true
    }
  ],
  "theme": "dark",
  "created_at": "2025-10-12T17:08:37.396026Z",
  "updated_at": "2025-10-22T08:38:23.086846Z",
  "avatar": "/api/uploads/001b7961-2adf-49d1-af4a-e122bd0ee339.png",
  "settings": {
    "defaultGridRows": 3,
    "defaultGridCols": 3,
    "buttonSize": 1.0,
    "showLabels": true,
    "showTooltips": true,
    "animationsEnabled": true
  }
}