{
  "category": "button-animations",
  "description": "Animated GIF icons for buttons",
  "animations": [
    {
      "id": "setting",
      "name": "Settings",
      "url": "/assets/animations/gifs/buttons/setting.gif",
      "thumbnail": "/assets/animations/gifs/buttons/setting.gif",
      "tags": ["settings", "gear", "configuration", "animated"],
      "format": "gif",
      "dimensions": { "width": 128, "height": 128 },
      "source": "custom",
      "license": "CC0"
    },
    {
      "id": "rain-fall",
      "name": "Rain Fall",
      "url": "/assets/animations/gifs/buttons/Rain Fall.gif",
      "thumbnail": "/assets/animations/gifs/buttons/Rain Fall.gif",
      "tags": ["rain", "weather", "water", "animated"],
      "format": "gif",
      "dimensions": { "width": 128, "height": 128 },
      "source": "custom",
      "license": "CC0"
    },
    {
      "id": "sunny",
      "name": "Sunny",
      "url": "/assets/animations/gifs/buttons/Sunny.gif",
      "thumbnail": "/assets/animations/gifs/buttons/Sunny.gif",
      "tags": ["sun", "weather", "bright", "animated"],
      "format": "gif",
      "dimensions": { "width": 128, "height": 128 },
      "source": "custom",
      "license": "CC0"
    },
    {
      "id": "upload",
      "name": "Upload",
      "url": "/assets/animations/gifs/buttons/upload.gif",
      "thumbnail": "/assets/animations/gifs/buttons/upload.gif",
      "tags": ["upload", "file", "transfer", "animated"],
      "format": "gif",
      "dimensions": { "width": 128, "height": 128 },
      "source": "custom",
      "license": "CC0"
    },
    {
      "id": "link",
      "name": "Link",
      "url": "/assets/animations/gifs/buttons/link.gif",
      "thumbnail": "/assets/animations/gifs/buttons/link.gif",
      "tags": ["link", "connection", "url", "animated"],
      "format": "gif",
      "dimensions": { "width": 128, "height": 128 },
      "source": "custom",
      "license": "CC0"
    },
    {
      "id": "menu",
      "name": "Menu",
      "url": "/assets/animations/gifs/buttons/Menu.gif",
      "thumbnail": "/assets/animations/gifs/buttons/Menu.gif",
      "tags": ["menu", "navigation", "hamburger", "animated"],
      "format": "gif",
      "dimensions": { "width": 128, "height": 128 },
      "source": "custom",
      "license": "CC0"
    },
    {
      "id": "typescript",
      "name": "TypeScript",
      "url": "/assets/animations/gifs/buttons/Type Script.gif",
      "thumbnail": "/assets/animations/gifs/buttons/Type Script.gif",
      "tags": ["typescript", "programming", "code", "animated"],
      "format": "gif",
      "dimensions": { "width": 128, "height": 128 },
      "source": "custom",
      "license": "CC0"
    },
    {
      "id": "server",
      "name": "Server",
      "url": "/assets/animations/gifs/buttons/Server.gif",
      "thumbnail": "/assets/animations/gifs/buttons/Server.gif",
      "tags": ["server", "computer", "hosting", "animated"],
      "format": "gif",
      "dimensions": { "width": 128, "height": 128 },
      "source": "custom",
      "license": "CC0"
    },
    {
      "id": "schedule",
      "name": "Schedule",
      "url": "/assets/animations/gifs/buttons/Schedule.gif",
      "thumbnail": "/assets/animations/gifs/buttons/Schedule.gif",
      "tags": ["schedule", "calendar", "time", "animated"],
      "format": "gif",
      "dimensions": { "width": 128, "height": 128 },
      "source": "custom",
      "license": "CC0"
    },
    {
      "id": "time",
      "name": "Time",
      "url": "/assets/animations/gifs/buttons/time.gif",
      "thumbnail": "/assets/animations/gifs/buttons/time.gif",
      "tags": ["time", "clock", "timer", "animated"],
      "format": "gif",
      "dimensions": { "width": 128, "height": 128 },
      "source": "custom",
      "license": "CC0"
    },
    {
      "id": "typing",
      "name": "Typing",
      "url": "/assets/animations/gifs/buttons/Typing.gif",
      "thumbnail": "/assets/animations/gifs/buttons/Typing.gif",
      "tags": ["typing", "keyboard", "text", "animated"],
      "format": "gif",
      "dimensions": { "width": 128, "height": 128 },
      "source": "custom",
      "license": "CC0"
    },
    {
      "id": "app",
      "name": "App",
      "url": "/assets/animations/gifs/buttons/App.gif",
      "thumbnail": "/assets/animations/gifs/buttons/App.gif",
      "tags": ["app", "application", "mobile", "animated"],
      "format": "gif",
      "dimensions": { "width": 128, "height": 128 },
      "source": "custom",
      "license": "CC0"
    },
    {
      "id": "plugin",
      "name": "Plugin",
      "url": "/assets/animations/gifs/buttons/Plugin.gif",
      "thumbnail": "/assets/animations/gifs/buttons/Plugin.gif",
      "tags": ["plugin", "extension", "addon", "animated"],
      "format": "gif",
      "dimensions": { "width": 128, "height": 128 },
      "source": "custom",
      "license": "CC0"
    },
    {
      "id": "forward",
      "name": "Forward",
      "url": "/assets/animations/gifs/buttons/Forward.gif",
      "thumbnail": "/assets/animations/gifs/buttons/Forward.gif",
      "tags": ["forward", "next", "arrow", "animated"],
      "format": "gif",
      "dimensions": { "width": 128, "height": 128 },
      "source": "custom",
      "license": "CC0"
    },
    {
      "id": "filter",
      "name": "Filter",
      "url": "/assets/animations/gifs/buttons/Filter.gif",
      "thumbnail": "/assets/animations/gifs/buttons/Filter.gif",
      "tags": ["filter", "search", "sort", "animated"],
      "format": "gif",
      "dimensions": { "width": 128, "height": 128 },
      "source": "custom",
      "license": "CC0"
    },
    {
      "id": "sync",
      "name": "Sync",
      "url": "/assets/animations/gifs/buttons/Sync.gif",
      "thumbnail": "/assets/animations/gifs/buttons/Sync.gif",
      "tags": ["sync", "synchronize", "refresh", "animated"],
      "format": "gif",
      "dimensions": { "width": 128, "height": 128 },
      "source": "custom",
      "license": "CC0"
    },
    {
      "id": "save",
      "name": "Save",
      "url": "/assets/animations/gifs/buttons/save.gif",
      "thumbnail": "/assets/animations/gifs/buttons/save.gif",
      "tags": ["save", "disk", "storage", "animated"],
      "format": "gif",
      "dimensions": { "width": 128, "height": 128 },
      "source": "custom",
      "license": "CC0"
    },
    {
      "id": "back",
      "name": "Back",
      "url": "/assets/animations/gifs/buttons/Back.gif",
      "thumbnail": "/assets/animations/gifs/buttons/Back.gif",
      "tags": ["back", "previous", "return", "animated"],
      "format": "gif",
      "dimensions": { "width": 128, "height": 128 },
      "source": "custom",
      "license": "CC0"
    },
    {
      "id": "todo",
      "name": "To Do",
      "url": "/assets/animations/gifs/buttons/To Do.gif",
      "thumbnail": "/assets/animations/gifs/buttons/To Do.gif",
      "tags": ["todo", "task", "checklist", "animated"],
      "format": "gif",
      "dimensions": { "width": 128, "height": 128 },
      "source": "custom",
      "license": "CC0"
    },
    {
      "id": "plus",
      "name": "Plus",
      "url": "/assets/animations/gifs/buttons/plus.gif",
      "thumbnail": "/assets/animations/gifs/buttons/plus.gif",
      "tags": ["plus", "add", "create", "animated"],
      "format": "gif",
      "dimensions": { "width": 128, "height": 128 },
      "source": "custom",
      "license": "CC0"
    },
    {
      "id": "stop",
      "name": "Stop",
      "url": "/assets/animations/gifs/buttons/stop.gif",
      "thumbnail": "/assets/animations/gifs/buttons/stop.gif",
      "tags": ["stop", "halt", "pause", "animated"],
      "format": "gif",
      "dimensions": { "width": 128, "height": 128 },
      "source": "custom",
      "license": "CC0"
    },
    {
      "id": "integration",
      "name": "Integration",
      "url": "/assets/animations/gifs/buttons/Integration.gif",
      "thumbnail": "/assets/animations/gifs/buttons/Integration.gif",
      "tags": ["integration", "connect", "merge", "animated"],
      "format": "gif",
      "dimensions": { "width": 128, "height": 128 },
      "source": "custom",
      "license": "CC0"
    },
    {
      "id": "fullscreen",
      "name": "Fullscreen",
      "url": "/assets/animations/gifs/buttons/Fullscreen.gif",
      "thumbnail": "/assets/animations/gifs/buttons/Fullscreen.gif",
      "tags": ["fullscreen", "expand", "maximize", "animated"],
      "format": "gif",
      "dimensions": { "width": 128, "height": 128 },
      "source": "custom",
      "license": "CC0"
    },
    {
      "id": "zoom-in",
      "name": "Zoom In",
      "url": "/assets/animations/gifs/buttons/Zoom in.gif",
      "thumbnail": "/assets/animations/gifs/buttons/Zoom in.gif",
      "tags": ["zoom", "magnify", "increase", "animated"],
      "format": "gif",
      "dimensions": { "width": 128, "height": 128 },
      "source": "custom",
      "license": "CC0"
    },
    {
      "id": "unlink",
      "name": "Unlink",
      "url": "/assets/animations/gifs/buttons/unlink.gif",
      "thumbnail": "/assets/animations/gifs/buttons/unlink.gif",
      "tags": ["unlink", "disconnect", "remove", "animated"],
      "format": "gif",
      "dimensions": { "width": 128, "height": 128 },
      "source": "custom",
      "license": "CC0"
    },
    {
      "id": "maintenance",
      "name": "Maintenance",
      "url": "/assets/animations/gifs/buttons/Maintenance.gif",
      "thumbnail": "/assets/animations/gifs/buttons/Maintenance.gif",
      "tags": ["maintenance", "repair", "fix", "animated"],
      "format": "gif",
      "dimensions": { "width": 128, "height": 128 },
      "source": "custom",
      "license": "CC0"
    },
    {
      "id": "research",
      "name": "Research",
      "url": "/assets/animations/gifs/buttons/Research.gif",
      "thumbnail": "/assets/animations/gifs/buttons/Research.gif",
      "tags": ["research", "study", "investigate", "animated"],
      "format": "gif",
      "dimensions": { "width": 128, "height": 128 },
      "source": "custom",
      "license": "CC0"
    },
    {
      "id": "risk",
      "name": "Risk",
      "url": "/assets/animations/gifs/buttons/Risk.gif",
      "thumbnail": "/assets/animations/gifs/buttons/Risk.gif",
      "tags": ["risk", "danger", "warning", "animated"],
      "format": "gif",
      "dimensions": { "width": 128, "height": 128 },
      "source": "custom",
      "license": "CC0"
    },
    {
      "id": "calendar",
      "name": "Calendar",
      "url": "/assets/animations/gifs/buttons/calendar (2).gif",
      "thumbnail": "/assets/animations/gifs/buttons/calendar (2).gif",
      "tags": ["calendar", "date", "schedule", "animated"],
      "format": "gif",
      "dimensions": { "width": 128, "height": 128 },
      "source": "custom",
      "license": "CC0"
    },
    {
      "id": "lock",
      "name": "Lock",
      "url": "/assets/animations/gifs/buttons/lock.gif",
      "thumbnail": "/assets/animations/gifs/buttons/lock.gif",
      "tags": ["lock", "security", "protect", "animated"],
      "format": "gif",
      "dimensions": { "width": 128, "height": 128 },
      "source": "custom",
      "license": "CC0"
    },
    {
      "id": "unlock",
      "name": "Unlock",
      "url": "/assets/animations/gifs/buttons/unlock.gif",
      "thumbnail": "/assets/animations/gifs/buttons/unlock.gif",
      "tags": ["unlock", "open", "access", "animated"],
      "format": "gif",
      "dimensions": { "width": 128, "height": 128 },
      "source": "custom",
      "license": "CC0"
    },
    {
      "id": "extract",
      "name": "Extract",
      "url": "/assets/animations/gifs/buttons/Extract.gif",
      "thumbnail": "/assets/animations/gifs/buttons/Extract.gif",
      "tags": ["extract", "unzip", "decompress", "animated"],
      "format": "gif",
      "dimensions": { "width": 128, "height": 128 },
      "source": "custom",
      "license": "CC0"
    },
    {
      "id": "no-internet",
      "name": "No Internet",
      "url": "/assets/animations/gifs/buttons/No internet.gif",
      "thumbnail": "/assets/animations/gifs/buttons/No internet.gif",
      "tags": ["internet", "offline", "disconnected", "animated"],
      "format": "gif",
      "dimensions": { "width": 128, "height": 128 },
      "source": "custom",
      "license": "CC0"
    },
    {
      "id": "newspaper",
      "name": "Newspaper",
      "url": "/assets/animations/gifs/buttons/Newspaper.gif",
      "thumbnail": "/assets/animations/gifs/buttons/Newspaper.gif",
      "tags": ["newspaper", "news", "article", "animated"],
      "format": "gif",
      "dimensions": { "width": 128, "height": 128 },
      "source": "custom",
      "license": "CC0"
    },
    {
      "id": "linux",
      "name": "Linux",
      "url": "/assets/animations/gifs/buttons/Linux.gif",
      "thumbnail": "/assets/animations/gifs/buttons/Linux.gif",
      "tags": ["linux", "operating system", "open source", "animated"],
      "format": "gif",
      "dimensions": { "width": 128, "height": 128 },
      "source": "custom",
      "license": "CC0"
    },
    {
      "id": "pin",
      "name": "Pin",
      "url": "/assets/animations/gifs/buttons/Pin.gif",
      "thumbnail": "/assets/animations/gifs/buttons/Pin.gif",
      "tags": ["pin", "attach", "stick", "animated"],
      "format": "gif",
      "dimensions": { "width": 128, "height": 128 },
      "source": "custom",
      "license": "CC0"
    },
    {
      "id": "exit",
      "name": "Exit",
      "url": "/assets/animations/gifs/buttons/exit.gif",
      "thumbnail": "/assets/animations/gifs/buttons/exit.gif",
      "tags": ["exit", "close", "quit", "animated"],
      "format": "gif",
      "dimensions": { "width": 128, "height": 128 },
      "source": "custom",
      "license": "CC0"
    },
    {
      "id": "arrow-top",
      "name": "Arrow Top",
      "url": "/assets/animations/gifs/buttons/Arrow Top.gif",
      "thumbnail": "/assets/animations/gifs/buttons/Arrow Top.gif",
      "tags": ["arrow", "up", "top", "animated"],
      "format": "gif",
      "dimensions": { "width": 128, "height": 128 },
      "source": "custom",
      "license": "CC0"
    },
    {
      "id": "close",
      "name": "Close",
      "url": "/assets/animations/gifs/buttons/Close.gif",
      "thumbnail": "/assets/animations/gifs/buttons/Close.gif",
      "tags": ["close", "x", "cancel", "animated"],
      "format": "gif",
      "dimensions": { "width": 128, "height": 128 },
      "source": "custom",
      "license": "CC0"
    },
    {
      "id": "arrow-left",
      "name": "Arrow Left",
      "url": "/assets/animations/gifs/buttons/Arrow Left.gif",
      "thumbnail": "/assets/animations/gifs/buttons/Arrow Left.gif",
      "tags": ["arrow", "left", "back", "animated"],
      "format": "gif",
      "dimensions": { "width": 128, "height": 128 },
      "source": "custom",
      "license": "CC0"
    },
    {
      "id": "arrow-bottom",
      "name": "Arrow Bottom",
      "url": "/assets/animations/gifs/buttons/Arrow Bottom.gif",
      "thumbnail": "/assets/animations/gifs/buttons/Arrow Bottom.gif",
      "tags": ["arrow", "down", "bottom", "animated"],
      "format": "gif",
      "dimensions": { "width": 128, "height": 128 },
      "source": "custom",
      "license": "CC0"
    },
    {
      "id": "brain",
      "name": "Brain",
      "url": "/assets/animations/gifs/buttons/Brain.gif",
      "thumbnail": "/assets/animations/gifs/buttons/Brain.gif",
      "tags": ["brain", "intelligence", "thinking", "animated"],
      "format": "gif",
      "dimensions": { "width": 128, "height": 128 },
      "source": "custom",
      "license": "CC0"
    },
    {
      "id": "lightbulb",
      "name": "Lightbulb",
      "url": "/assets/animations/gifs/buttons/lightbulb.gif",
      "thumbnail": "/assets/animations/gifs/buttons/lightbulb.gif",
      "tags": ["lightbulb", "idea", "innovation", "animated"],
      "format": "gif",
      "dimensions": { "width": 128, "height": 128 },
      "source": "custom",
      "license": "CC0"
    },
    {
      "id": "eye",
      "name": "Eye",
      "url": "/assets/animations/gifs/buttons/Eye.gif",
      "thumbnail": "/assets/animations/gifs/buttons/Eye.gif",
      "tags": ["eye", "view", "watch", "animated"],
      "format": "gif",
      "dimensions": { "width": 128, "height": 128 },
      "source": "custom",
      "license": "CC0"
    },
    {
      "id": "import",
      "name": "Import",
      "url": "/assets/animations/gifs/buttons/Import.gif",
      "thumbnail": "/assets/animations/gifs/buttons/Import.gif",
      "tags": ["import", "bring", "load", "animated"],
      "format": "gif",
      "dimensions": { "width": 128, "height": 128 },
      "source": "custom",
      "license": "CC0"
    },
    {
      "id": "from-deleted",
      "name": "From Deleted",
      "url": "/assets/animations/gifs/buttons/From Deleted.gif",
      "thumbnail": "/assets/animations/gifs/buttons/From Deleted.gif",
      "tags": ["deleted", "recover", "restore", "animated"],
      "format": "gif",
      "dimensions": { "width": 128, "height": 128 },
      "source": "custom",
      "license": "CC0"
    },
    {
      "id": "pdf",
      "name": "PDF",
      "url": "/assets/animations/gifs/buttons/Pdf.gif",
      "thumbnail": "/assets/animations/gifs/buttons/Pdf.gif",
      "tags": ["pdf", "document", "file", "animated"],
      "format": "gif",
      "dimensions": { "width": 128, "height": 128 },
      "source": "custom",
      "license": "CC0"
    },
    {
      "id": "load-file",
      "name": "Load File",
      "url": "/assets/animations/gifs/buttons/Load File.gif",
      "thumbnail": "/assets/animations/gifs/buttons/Load File.gif",
      "tags": ["load", "file", "open", "animated"],
      "format": "gif",
      "dimensions": { "width": 128, "height": 128 },
      "source": "custom",
      "license": "CC0"
    },
    {
      "id": "copy",
      "name": "Copy",
      "url": "/assets/animations/gifs/buttons/copy.gif",
      "thumbnail": "/assets/animations/gifs/buttons/copy.gif",
      "tags": ["copy", "duplicate", "clone", "animated"],
      "format": "gif",
      "dimensions": { "width": 128, "height": 128 },
      "source": "custom",
      "license": "CC0"
    },
    {
      "id": "file-and-folder",
      "name": "File and Folder",
      "url": "/assets/animations/gifs/buttons/file and folder.gif",
      "thumbnail": "/assets/animations/gifs/buttons/file and folder.gif",
      "tags": ["file", "folder", "directory", "animated"],
      "format": "gif",
      "dimensions": { "width": 128, "height": 128 },
      "source": "custom",
      "license": "CC0"
    },
    {
      "id": "folder",
      "name": "Folder",
      "url": "/assets/animations/gifs/buttons/folder.gif",
      "thumbnail": "/assets/animations/gifs/buttons/folder.gif",
      "tags": ["folder", "directory", "storage", "animated"],
      "format": "gif",
      "dimensions": { "width": 128, "height": 128 },
      "source": "custom",
      "license": "CC0"
    },
    {
      "id": "energy-resource",
      "name": "Energy Resource",
      "url": "/assets/animations/gifs/buttons/Energy Resource.gif",
      "thumbnail": "/assets/animations/gifs/buttons/Energy Resource.gif",
      "tags": ["energy", "power", "resource", "animated"],
      "format": "gif",
      "dimensions": { "width": 128, "height": 128 },
      "source": "custom",
      "license": "CC0"
    },
    {
      "id": "recycle",
      "name": "Recycle",
      "url": "/assets/animations/gifs/buttons/Recycle.gif",
      "thumbnail": "/assets/animations/gifs/buttons/Recycle.gif",
      "tags": ["recycle", "reuse", "environment", "animated"],
      "format": "gif",
      "dimensions": { "width": 128, "height": 128 },
      "source": "custom",
      "license": "CC0"
    },
    {
      "id": "user-profile",
      "name": "User Profile",
      "url": "/assets/animations/gifs/buttons/user profile.gif",
      "thumbnail": "/assets/animations/gifs/buttons/user profile.gif",
      "tags": ["user", "profile", "account", "animated"],
      "format": "gif",
      "dimensions": { "width": 128, "height": 128 },
      "source": "custom",
      "license": "CC0"
    },
    {
      "id": "youtube",
      "name": "YouTube",
      "url": "/assets/animations/gifs/buttons/Youtube.gif",
      "thumbnail": "/assets/animations/gifs/buttons/Youtube.gif",
      "tags": ["youtube", "video", "streaming", "animated"],
      "format": "gif",
      "dimensions": { "width": 128, "height": 128 },
      "source": "custom",
      "license": "CC0"
    },
    {
      "id": "bookmark",
      "name": "Bookmark",
      "url": "/assets/animations/gifs/buttons/bookmark.gif",
      "thumbnail": "/assets/animations/gifs/buttons/bookmark.gif",
      "tags": ["bookmark", "save", "favorite", "animated"],
      "format": "gif",
      "dimensions": { "width": 128, "height": 128 },
      "source": "custom",
      "license": "CC0"
    },
    {
      "id": "reports",
      "name": "Reports",
      "url": "/assets/animations/gifs/buttons/reports.gif",
      "thumbnail": "/assets/animations/gifs/buttons/reports.gif",
      "tags": ["reports", "analytics", "data", "animated"],
      "format": "gif",
      "dimensions": { "width": 128, "height": 128 },
      "source": "custom",
      "license": "CC0"
    },
    {
      "id": "chat",
      "name": "Chat",
      "url": "/assets/animations/gifs/buttons/chat.gif",
      "thumbnail": "/assets/animations/gifs/buttons/chat.gif",
      "tags": ["chat", "message", "communication", "animated"],
      "format": "gif",
      "dimensions": { "width": 128, "height": 128 },
      "source": "custom",
      "license": "CC0"
    },
    {
      "id": "cloud-computing",
      "name": "Cloud Computing",
      "url": "/assets/animations/gifs/buttons/Cloud Computing.gif",
      "thumbnail": "/assets/animations/gifs/buttons/Cloud Computing.gif",
      "tags": ["cloud", "computing", "storage", "animated"],
      "format": "gif",
      "dimensions": { "width": 128, "height": 128 },
      "source": "custom",
      "license": "CC0"
    },
    {
      "id": "hacker",
      "name": "Hacker",
      "url": "/assets/animations/gifs/buttons/Hacker.gif",
      "thumbnail": "/assets/animations/gifs/buttons/Hacker.gif",
      "tags": ["hacker", "security", "cyber", "animated"],
      "format": "gif",
      "dimensions": { "width": 128, "height": 128 },
      "source": "custom",
      "license": "CC0"
    },
    {
      "id": "paypal",
      "name": "PayPal",
      "url": "/assets/animations/gifs/buttons/Paypal.gif",
      "thumbnail": "/assets/animations/gifs/buttons/Paypal.gif",
      "tags": ["paypal", "payment", "money", "animated"],
      "format": "gif",
      "dimensions": { "width": 128, "height": 128 },
      "source": "custom",
      "license": "CC0"
    },
    {
      "id": "restart",
      "name": "Restart",
      "url": "/assets/animations/gifs/buttons/Restart.gif",
      "thumbnail": "/assets/animations/gifs/buttons/Restart.gif",
      "tags": ["restart", "reboot", "refresh", "animated"],
      "format": "gif",
      "dimensions": { "width": 128, "height": 128 },
      "source": "custom",
      "license": "CC0"
    },
    {
      "id": "setup",
      "name": "Setup",
      "url": "/assets/animations/gifs/buttons/Setup.gif",
      "thumbnail": "/assets/animations/gifs/buttons/Setup.gif",
      "tags": ["setup", "install", "configure", "animated"],
      "format": "gif",
      "dimensions": { "width": 128, "height": 128 },
      "source": "custom",
      "license": "CC0"
    },
    {
      "id": "audience-reach",
      "name": "Audience Reach",
      "url": "/assets/animations/gifs/buttons/Audience Reach.gif",
      "thumbnail": "/assets/animations/gifs/buttons/Audience Reach.gif",
      "tags": ["audience", "reach", "marketing", "animated"],
      "format": "gif",
      "dimensions": { "width": 128, "height": 128 },
      "source": "custom",
      "license": "CC0"
    },
    {
      "id": "iq",
      "name": "IQ",
      "url": "/assets/animations/gifs/buttons/Iq.gif",
      "thumbnail": "/assets/animations/gifs/buttons/Iq.gif",
      "tags": ["iq", "intelligence", "smart", "animated"],
      "format": "gif",
      "dimensions": { "width": 128, "height": 128 },
      "source": "custom",
      "license": "CC0"
    },
    {
      "id": "analytics",
      "name": "Analytics",
      "url": "/assets/animations/gifs/buttons/analytics.gif",
      "thumbnail": "/assets/animations/gifs/buttons/analytics.gif",
      "tags": ["analytics", "data", "statistics", "animated"],
      "format": "gif",
      "dimensions": { "width": 128, "height": 128 },
      "source": "custom",
      "license": "CC0"
    },
    {
      "id": "data-usage",
      "name": "Data Usage",
      "url": "/assets/animations/gifs/buttons/Data Usage.gif",
      "thumbnail": "/assets/animations/gifs/buttons/Data Usage.gif",
      "tags": ["data", "usage", "consumption", "animated"],
      "format": "gif",
      "dimensions": { "width": 128, "height": 128 },
      "source": "custom",
      "license": "CC0"
    },
    {
      "id": "activity",
      "name": "Activity",
      "url": "/assets/animations/gifs/buttons/Activity.gif",
      "thumbnail": "/assets/animations/gifs/buttons/Activity.gif",
      "tags": ["activity", "movement", "action", "animated"],
      "format": "gif",
      "dimensions": { "width": 128, "height": 128 },
      "source": "custom",
      "license": "CC0"
    },
    {
      "id": "history",
      "name": "History",
      "url": "/assets/animations/gifs/buttons/History.gif",
      "thumbnail": "/assets/animations/gifs/buttons/History.gif",
      "tags": ["history", "past", "timeline", "animated"],
      "format": "gif",
      "dimensions": { "width": 128, "height": 128 },
      "source": "custom",
      "license": "CC0"
    },
    {
      "id": "camera",
      "name": "Camera",
      "url": "/assets/animations/gifs/buttons/Camera V2.gif",
      "thumbnail": "/assets/animations/gifs/buttons/Camera V2.gif",
      "tags": ["camera", "photo", "video", "animated"],
      "format": "gif",
      "dimensions": { "width": 128, "height": 128 },
      "source": "custom",
      "license": "CC0"
    },
    {
      "id": "volume-up",
      "name": "Volume Up",
      "url": "/assets/animations/gifs/buttons/volume up.gif",
      "thumbnail": "/assets/animations/gifs/buttons/volume up.gif",
      "tags": ["volume", "sound", "audio", "animated"],
      "format": "gif",
      "dimensions": { "width": 128, "height": 128 },
      "source": "custom",
      "license": "CC0"
    },
    {
      "id": "unmute",
      "name": "Unmute",
      "url": "/assets/animations/gifs/buttons/Unmute V3.gif",
      "thumbnail": "/assets/animations/gifs/buttons/Unmute V3.gif",
      "tags": ["unmute", "sound", "audio", "animated"],
      "format": "gif",
      "dimensions": { "width": 128, "height": 128 },
      "source": "custom",
      "license": "CC0"
    },
    {
      "id": "pause",
      "name": "Pause",
      "url": "/assets/animations/gifs/buttons/pause.gif",
      "thumbnail": "/assets/animations/gifs/buttons/pause.gif",
      "tags": ["pause", "stop", "halt", "animated"],
      "format": "gif",
      "dimensions": { "width": 128, "height": 128 },
      "source": "custom",
      "license": "CC0"
    },
    {
      "id": "edit",
      "name": "Edit",
      "url": "/assets/animations/gifs/buttons/Edit V2.gif",
      "thumbnail": "/assets/animations/gifs/buttons/Edit V2.gif",
      "tags": ["edit", "modify", "change", "animated"],
      "format": "gif",
      "dimensions": { "width": 128, "height": 128 },
      "source": "custom",
      "license": "CC0"
    },
    {
      "id": "open-door",
      "name": "Open Door",
      "url": "/assets/animations/gifs/buttons/Open Door.gif",
      "thumbnail": "/assets/animations/gifs/buttons/Open Door.gif",
      "tags": ["door", "open", "entrance", "animated"],
      "format": "gif",
      "dimensions": { "width": 128, "height": 128 },
      "source": "custom",
      "license": "CC0"
    },
    {
      "id": "chart",
      "name": "Chart",
      "url": "/assets/animations/gifs/buttons/chart_15712971.gif",
      "thumbnail": "/assets/animations/gifs/buttons/chart_15712971.gif",
      "tags": ["chart", "graph", "data", "animated"],
      "format": "gif",
      "dimensions": { "width": 128, "height": 128 },
      "source": "custom",
      "license": "CC0"
    },
    {
      "id": "verified",
      "name": "Verified",
      "url": "/assets/animations/gifs/buttons/verified_17702135.gif",
      "thumbnail": "/assets/animations/gifs/buttons/verified_17702135.gif",
      "tags": ["verified", "check", "approved", "animated"],
      "format": "gif",
      "dimensions": { "width": 128, "height": 128 },
      "source": "custom",
      "license": "CC0"
    },
    {
      "id": "check",
      "name": "Check",
      "url": "/assets/animations/gifs/buttons/check_19009714.gif",
      "thumbnail": "/assets/animations/gifs/buttons/check_19009714.gif",
      "tags": ["check", "success", "done", "animated"],
      "format": "gif",
      "dimensions": { "width": 128, "height": 128 },
      "source": "custom",
      "license": "CC0"
    },
    {
      "id": "book-airplane",
      "name": "Book Airplane",
      "url": "/assets/animations/gifs/buttons/book-airplane_19013953.gif",
      "thumbnail": "/assets/animations/gifs/buttons/book-airplane_19013953.gif",
      "tags": ["book", "airplane", "travel", "animated"],
      "format": "gif",
      "dimensions": { "width": 128, "height": 128 },
      "source": "custom",
      "license": "CC0"
    },
    {
      "id": "translator",
      "name": "Translator",
      "url": "/assets/animations/gifs/buttons/translator_15591471.gif",
      "thumbnail": "/assets/animations/gifs/buttons/translator_15591471.gif",
      "tags": ["translator", "language", "translate", "animated"],
      "format": "gif",
      "dimensions": { "width": 128, "height": 128 },
      "source": "custom",
      "license": "CC0"
    },
    {
      "id": "home-work",
      "name": "Home Work",
      "url": "/assets/animations/gifs/buttons/home-work_15591475.gif",
      "thumbnail": "/assets/animations/gifs/buttons/home-work_15591475.gif",
      "tags": ["home", "work", "office", "animated"],
      "format": "gif",
      "dimensions": { "width": 128, "height": 128 },
      "source": "custom",
      "license": "CC0"
    },
    {
      "id": "audioguide",
      "name": "Audio Guide",
      "url": "/assets/animations/gifs/buttons/audioguide_19017028.gif",
      "thumbnail": "/assets/animations/gifs/buttons/audioguide_19017028.gif",
      "tags": ["audio", "guide", "tour", "animated"],
      "format": "gif",
      "dimensions": { "width": 128, "height": 128 },
      "source": "custom",
      "license": "CC0"
    },
    {
      "id": "audio-book",
      "name": "Audio Book",
      "url": "/assets/animations/gifs/buttons/audio-book_15557312.gif",
      "thumbnail": "/assets/animations/gifs/buttons/audio-book_15557312.gif",
      "tags": ["audio", "book", "reading", "animated"],
      "format": "gif",
      "dimensions": { "width": 128, "height": 128 },
      "source": "custom",
      "license": "CC0"
    },
    {
      "id": "caution",
      "name": "Caution",
      "url": "/assets/animations/gifs/buttons/caution_19000960.gif",
      "thumbnail": "/assets/animations/gifs/buttons/caution_19000960.gif",
      "tags": ["caution", "warning", "alert", "animated"],
      "format": "gif",
      "dimensions": { "width": 128, "height": 128 },
      "source": "custom",
      "license": "CC0"
    },
    {
      "id": "location",
      "name": "Location",
      "url": "/assets/animations/gifs/buttons/location.gif",
      "thumbnail": "/assets/animations/gifs/buttons/location.gif",
      "tags": ["location", "place", "map", "animated"],
      "format": "gif",
      "dimensions": { "width": 128, "height": 128 },
      "source": "custom",
      "license": "CC0"
    },
    {
      "id": "calendar-alt",
      "name": "Calendar",
      "url": "/assets/animations/gifs/buttons/calendar (1).gif",
      "thumbnail": "/assets/animations/gifs/buttons/calendar (1).gif",
      "tags": ["calendar", "date", "schedule", "animated"],
      "format": "gif",
      "dimensions": { "width": 128, "height": 128 },
      "source": "custom",
      "license": "CC0"
    },
    {
      "id": "notebook",
      "name": "Notebook",
      "url": "/assets/animations/gifs/buttons/notebook.gif",
      "thumbnail": "/assets/animations/gifs/buttons/notebook.gif",
      "tags": ["notebook", "notes", "writing", "animated"],
      "format": "gif",
      "dimensions": { "width": 128, "height": 128 },
      "source": "custom",
      "license": "CC0"
    },
    {
      "id": "handshake",
      "name": "Handshake",
      "url": "/assets/animations/gifs/buttons/handshake.gif",
      "thumbnail": "/assets/animations/gifs/buttons/handshake.gif",
      "tags": ["handshake", "agreement", "deal", "animated"],
      "format": "gif",
      "dimensions": { "width": 128, "height": 128 },
      "source": "custom",
      "license": "CC0"
    },
    {
      "id": "clock",
      "name": "Clock",
      "url": "/assets/animations/gifs/buttons/clock.gif",
      "thumbnail": "/assets/animations/gifs/buttons/clock.gif",
      "tags": ["clock", "time", "timer", "animated"],
      "format": "gif",
      "dimensions": { "width": 128, "height": 128 },
      "source": "custom",
      "license": "CC0"
    },
    {
      "id": "document",
      "name": "Document",
      "url": "/assets/animations/gifs/buttons/document.gif",
      "thumbnail": "/assets/animations/gifs/buttons/document.gif",
      "tags": ["document", "file", "paper", "animated"],
      "format": "gif",
      "dimensions": { "width": 128, "height": 128 },
      "source": "custom",
      "license": "CC0"
    },
    {
      "id": "verified-alt",
      "name": "Verified",
      "url": "/assets/animations/gifs/buttons/verified.gif",
      "thumbnail": "/assets/animations/gifs/buttons/verified.gif",
      "tags": ["verified", "check", "approved", "animated"],
      "format": "gif",
      "dimensions": { "width": 128, "height": 128 },
      "source": "custom",
      "license": "CC0"
    },
    {
      "id": "phone",
      "name": "Phone",
      "url": "/assets/animations/gifs/buttons/phone.gif",
      "thumbnail": "/assets/animations/gifs/buttons/phone.gif",
      "tags": ["phone", "call", "telephone", "animated"],
      "format": "gif",
      "dimensions": { "width": 128, "height": 128 },
      "source": "custom",
      "license": "CC0"
    }
  ]
}