{
  "category": "creative",
  "description": "Creative and artistic icon collection",
  "theme": "Creative & Artistic",
  "icons": [
    {
      "id": "creative-palette-art",
      "name": "Artist Palette",
      "icon": ["fas", "palette"],
      "tags": ["palette", "art", "creative", "design"],
      "color": "#e91e63"
    },
    {
      "id": "creative-brush-paint",
      "name": "Paint Brush",
      "icon": ["fas", "paint-brush"],
      "tags": ["brush", "paint", "artistic", "drawing"],
      "color": "#ff5722"
    },
    {
      "id": "creative-camera-photo",
      "name": "Photography",
      "icon": ["fas", "camera-retro"],
      "tags": ["camera", "photo", "photography", "capture"],
      "color": "#795548"
    },
    {
      "id": "creative-film-video",
      "name": "Film & Video",
      "icon": ["fas", "film"],
      "tags": ["film", "video", "cinema", "production"],
      "color": "#424242"
    },
    {
      "id": "creative-music-note",
      "name": "Music Creation",
      "icon": ["fas", "music"],
      "tags": ["music", "note", "audio", "composition"],
      "color": "#9c27b0"
    },
    {
      "id": "creative-pen-write",
      "name": "Writing & Text",
      "icon": ["fas", "pen-fancy"],
      "tags": ["pen", "write", "text", "content"],
      "color": "#3f51b5"
    },
    {
      "id": "creative-shapes-design",
      "name": "Design Shapes",
      "icon": ["fas", "shapes"],
      "tags": ["shapes", "design", "geometry", "graphics"],
      "color": "#00bcd4"
    },
    {
      "id": "creative-layer-stack",
      "name": "Layer Stack",
      "icon": ["fas", "layer-group"],
      "tags": ["layer", "stack", "composition", "editing"],
      "color": "#4caf50"
    },
    {
      "id": "creative-wand-magic",
      "name": "Magic Wand",
      "icon": ["fas", "magic"],
      "tags": ["magic", "wand", "effects", "transformation"],
      "color": "#673ab7"
    },
    {
      "id": "creative-eye-vision",
      "name": "Creative Vision",
      "icon": ["fas", "eye"],
      "tags": ["eye", "vision", "perspective", "view"],
      "color": "#607d8b"
    }
  ]
}
